-- MySQL dump 10.13  Distrib 5.6.28, for debian-linux-gnu (x86_64)
--
-- Host: localhost    Database: hehe
-- ------------------------------------------------------
-- Server version	5.6.28-0ubuntu0.15.04.1

/*!40101 SET @OLD_CHARACTER_SET_CLIENT=@@CHARACTER_SET_CLIENT */;
/*!40101 SET @OLD_CHARACTER_SET_RESULTS=@@CHARACTER_SET_RESULTS */;
/*!40101 SET @OLD_COLLATION_CONNECTION=@@COLLATION_CONNECTION */;
/*!40101 SET NAMES utf8 */;
/*!40103 SET @OLD_TIME_ZONE=@@TIME_ZONE */;
/*!40103 SET TIME_ZONE='+00:00' */;
/*!40014 SET @OLD_UNIQUE_CHECKS=@@UNIQUE_CHECKS, UNIQUE_CHECKS=0 */;
/*!40014 SET @OLD_FOREIGN_KEY_CHECKS=@@FOREIGN_KEY_CHECKS, FOREIGN_KEY_CHECKS=0 */;
/*!40101 SET @OLD_SQL_MODE=@@SQL_MODE, SQL_MODE='NO_AUTO_VALUE_ON_ZERO' */;
/*!40111 SET @OLD_SQL_NOTES=@@SQL_NOTES, SQL_NOTES=0 */;

--
-- Table structure for table `i18n_strings`
--

DROP TABLE IF EXISTS `i18n_strings`;
/*!40101 SET @saved_cs_client     = @@character_set_client */;
/*!40101 SET character_set_client = utf8 */;
CREATE TABLE `i18n_strings` (
  `id` int(11) NOT NULL AUTO_INCREMENT,
  `name` varchar(100) DEFAULT NULL,
  `en-US` varchar(1000) DEFAULT NULL,
  `ru-RU` varchar(1000) DEFAULT NULL,
  `es-ES` varchar(1000) DEFAULT NULL,
  PRIMARY KEY (`id`),
  KEY `idx-i18n_strings-name` (`name`)
) ENGINE=InnoDB AUTO_INCREMENT=166 DEFAULT CHARSET=utf8;
/*!40101 SET character_set_client = @saved_cs_client */;

--
-- Dumping data for table `i18n_strings`
--

LOCK TABLES `i18n_strings` WRITE;
/*!40000 ALTER TABLE `i18n_strings` DISABLE KEYS */;
INSERT INTO `i18n_strings` VALUES (1,'layout/main-menu/about_us','About Health&Help','О нас','About us'),(2,'layout/main-menu/help','Help the project','Помочь проекту','Help the project'),(3,'layout/main-menu/volunteers','Become a volunteer','Стать волонтером','Become a volunteer'),(4,'layout/main-menu/news','News','Новости',NULL),(5,'layout/main-menu/contacts','Contact us','Контакты',NULL),(6,NULL,'Viktoria Valikova','Виктория Валикова','Viktoria Valikova'),(7,NULL,'Founder, medical doctor','Основатель, врач','Founder, medical doctor'),(8,NULL,'Кarina Basharova','Карина Башарова','Кarina Basharova'),(9,NULL,'Executive director, medical doctor','Executive director, medical doctor','Executive director, medical doctor'),(10,NULL,'Sergio Ottoniel Castillo Mendoza','Сергио Оттониель Кастийо Мендоза','Sergio Ottoniel Castillo Mendoza'),(11,NULL,'Founder, medical doctor','Основатель, врач','Founder, medical doctor'),(12,NULL,'Мikhail Shishin','Михаил Шишин','Мikhail Shishin'),(13,NULL,'Architect','Архитектор','Architect'),(14,NULL,'Igor Yenin','Игорь Енин','Igor Yenin'),(15,NULL,'Chief Engineer','Главный инженер','Chief Engineer'),(16,NULL,'Мargarita Kudryavtseva','Маргарита Кудрявцева','Мargarita Kudryavtseva'),(17,NULL,'Recruiter','Рекрутер','Recruiter'),(19,NULL,'Accountant','Бухгалтер','Accountant'),(21,NULL,'Fundraising manager','Фандрайзер','Fundraising manager'),(22,NULL,'Мikhail Nikiforov','Михаил Никифоров','Мikhail Nikiforov'),(23,NULL,'Home based volunteer coordinator','Координатор дистанционных волонтеров','Home based volunteer coordinator'),(24,NULL,'Larisa Melnikova','Лариса Мельникова','Larisa Melnikova'),(25,NULL,'IT projects and communications manager','Управление IT-проектами и переговорами','IT projects and communications manager'),(26,NULL,'Еlizaveta Shishina','Елизавета Шишина','Еlizaveta Shishina'),(28,NULL,'construction','строительство',NULL),(29,NULL,'finance','финансы',NULL),(30,NULL,NULL,'спонсоры',NULL),(31,NULL,NULL,'медикаменты',NULL),(34,NULL,'crowdfunding 2','краудфандинг 2',NULL),(35,NULL,'Health&Help starts a crowdfunding campaign','Health&Help запускает краудфандинг кампанию',NULL),(36,NULL,'Ongoing campaign news','Первые новости о ходе кампании',NULL),(37,NULL,'ophthalmologic program','офтальмологическая программа',NULL),(38,NULL,'Ophthalmologic program has been launched','Запускаем офтальмологическую программу',NULL),(39,NULL,'mobile brigades','мобильные бригады',NULL),(40,NULL,'Moscow','Москва',NULL),(41,NULL,'FuckUp Night','FuckUp Night',NULL),(42,NULL,'Digital October','Digital October',NULL),(43,NULL,'Larisa Melnikova','Лариса Мельникова',NULL),(44,NULL,'We speak about the project at FuckUp Night Moscow on July 14, 2016','14 июля расскажем о проекте на FuckUp Night Moscow',NULL),(45,NULL,'Natalia Ovtchinnikova','Наталья Овчинникова','Natalia Ovtchinnikova'),(46,NULL,'Translator coordinator','Координация отдела переводов','Translator coordinator'),(47,NULL,'Тatyana Malkova','Татьяна Малкова','Тatyana Malkova'),(48,NULL,'Translator','Переводчик','Translator'),(49,NULL,'Vladimir Polulyakhov','Владимир Полуляхов','Vladimir Polulyakhov'),(50,NULL,'Designer','Дизайнер','Designer'),(51,NULL,'Nikolay Mavrenkov','Николай Мавренков','Nikolay Mavrenkov'),(52,NULL,'Programmer','Программист','Programmer'),(53,NULL,'Alla Tokareva','Алла Токарева','Alla Tokareva'),(54,NULL,'Nurse','Медсестра',NULL),(55,NULL,'Aleksandr Burakov','Александр Бураков','Aleksandr Burakov'),(56,NULL,'Medical doctor','Врач',NULL),(57,NULL,'Aleksandr Pasechnyk','Александр Пасечник','Aleksandr Pasechnyk'),(58,NULL,'Nina Mikhailova','Нина Михайлова','Nina Mikhailova'),(60,NULL,'Elena Esakova','Елена Есакова','Elena Esakova'),(61,NULL,'Translator','Переводчик',NULL),(62,'team/title','Our team','Вся команда',NULL),(63,'widgets/shared/main-donate-form/button','Donate now','Пожертвовать',NULL),(64,'widgets/shared/main-donate-form/tips','{amount} ₽ to be donated ({fee} ₽ commission fees)','Будет переведено {amount} ₽ (комиссия {fee} ₽)',NULL),(65,'widgets/shared/main-donate-form/raised-title','Raised so far:','Уже собрано',NULL),(66,'widgets/shared/main-donate-form/raised-link-text','Generosity project','Проект на Generosity',NULL),(67,'widgets/shared/main-donate-form/powered-by-part1','Powered by','Платеж через систему',NULL),(68,'widgets/shared/main-donate-form/powered-by-part2','Yandex.Money','Яндекс.Деньги',NULL),(69,'main/title','The charity project','Благотворительный проект',NULL),(70,'main/team-title','The team','Вся команда',NULL),(71,'main/special-projects-title','Our special projects','Наши спецпроекты',NULL),(72,'main/special-project/clinic-title','Clinic construction','Строительство клиники',NULL),(73,'main/special-project/clinic-desc','We are raising money for the second stage of the clinic construction and setting up medical brigades','Собираем средства на второй этап строительства клиники и организацию регулярных выездов мобильных бригад',NULL),(74,'main/special-project/glasses-title','Glasses for Mayan Indians','Очки для индейцев Майя',NULL),(75,'main/special-project/glasses-desc','Your old glasses could help a Guatemalan return to work and save his family from poverty.','Твои старые очки помогут гватемальцу вернуться к работе и спасти свою семью от бедности',NULL),(76,'main/special-project/brigades-title','Mobile Medical Brigades','Мобильные бригады',NULL),(77,'main/special-project/brigades-desc','On a regular basis, we pack up drugs and equipment, take our pickup truck and go straight to those in need of  medical attention','Мы регулярно берем лекарства и инструменты, садимся в наш пикап и едем лечить людей из отдаленных поселений',NULL),(78,'main/special-project/news-title','News','Новости',NULL),(79,'main/special-project/more-title','More','Подробности',NULL),(80,'main/special-project/donate-button-title','Donate now','Пожертвовать',NULL),(81,'layout/main/footer/link/goals','Goals','Задачи',NULL),(82,'layout/main/footer/link/clinic-construction','Clinic construction','Строительство клиники',NULL),(83,'layout/main/footer/link/medical-supplies','Medical supplies','Медикаменты',NULL),(84,'layout/main/footer/link/food-products','Food products','Продукты питания',NULL),(85,'layout/main/footer/link/news','News','Новости',NULL),(86,'layout/main/footer/link/about-healp-and-help','About Heath&Help','О проекте',NULL),(87,'layout/main/footer/link/team','Team','Команда проекта',NULL),(88,'layout/main/footer/link/facts','Facts','История создания',NULL),(89,'layout/main/footer/link/help-the-project','Help the project','Как помочь',NULL),(90,'layout/main/footer/link/donate-now','Donate now','Внести пожертвование',NULL),(91,'layout/main/footer/link/become-a-volunteer','Become a volunteer','Стать волонтером',NULL),(92,'layout/main/footer/link/send-a-package','Send a package','Отправить посылку',NULL),(93,'layout/main/footer/link/contact-us','Contact us','Написать нам',NULL),(94,'help/submenu/send-a-package/title','Send a package','Отправить посылку',NULL),(95,'help/submenu/donate-now/title','Donate now','Сделать пожертвование',NULL),(96,'help/submenu/donate-now/become-a-volunteer','Become a volunteer','Стать волонтером',NULL),(97,'help/package/category/medical-supplies','Medical supplies','Медикаменты',NULL),(98,'help/package/category/promotional-products','Promotional products','Печатные материалы',NULL),(99,'help/package/category/household-products','Household products','Посуда',NULL),(100,'help/package/category/linen','Linen','Белье',NULL),(101,'help/package/category/clothing-and-footwear','Clothing&Footwear','Одежда',NULL),(102,'help/package/category/hygienic-products','Hygienic products','Кожа',NULL),(103,'help/package/category/musical-instruments','Musical instruments','Музыка',NULL),(104,'help/package/category/childcare-products','Childcare products','Детям',NULL),(105,'help/package/category/groceries','Groceries','Еда',NULL),(106,'help/package/category/books','Books','Книги',NULL),(107,'help/package/category/other','Other','Разное',NULL),(108,'help/kits/minimal/title','Minimum kit','Минимальный',NULL),(109,'help/kits/medium/title','Medium kit','Средний',NULL),(110,'help/kits/maximum/title','Maximum kit','Максимальный',NULL),(111,'help/kit/donate-button-title','Donate','Отправить',NULL),(112,'help/kit/minimal/options/1','Lidocaine, Tetracycline, Analgin, adhesive bactericidal band aid plaster, Amoxicillin','Лидокаин, тетрациклин, анальгин, бактерицидный лейкопластырь, амоксициллин',NULL),(113,'help/kits/medium/options/1','Medical cotton wool, adrenalin, glucose, Drotaverine, Ketoprofen, Diazoline, styptic','Хирургическая вата, адреналин, глюкоза, дротаверин, кетонал, диазолин, кровоостанавливающий жгут',NULL),(114,'help/kits/maximum/options/1','Belogent, Selevite, Regidron, Acesol, Fluconazole, chronic wound bandage, Palin, Prilosec, Albutsid','Белогент крем, селмевит, регидрон, ацесоль, флуконазол, повязка для лечения хронических ран, палин, омепрозол, альбуцид',NULL),(115,'help/donate/payment-options/card','Debit/credit card','Банковская карта',NULL),(116,'help/donate/payment-options/ym','Yandex.Money','Яндекс.Деньги',NULL),(117,'help/donate/amount-options/other-amount','Other amount','Другая сумма',NULL),(118,'help/donate/donate-button-title','Donate','Пожертвовать',NULL),(119,'help/donate/fee-info-template','{amount} roubles will be sent, {fee} roubles transaction fee','Будет переведено {amount} ₽ (коммисия {fee} ₽)',NULL),(120,'help/donate/info/300/for-us/options/1','One meal at McDonalds','Один поход в Макдональдс',NULL),(121,'help/donate/info/300/for-us/options/2','A few packs of cigarettes','Несколько пачек сигарет',NULL),(122,'help/donate/info/300/for-them/options/1','Wound cleaning and antimicrobial treatment for two patients','Обработка ран и антибиотикопрофилактика для двух пациентов',NULL),(123,'help/donate/info/500/for-us/options/1','A couple of movies tickets','Пара билетов в кино',NULL),(124,'help/donate/info/500/for-us/options/2','A couple of cups of coffee','Пара чашек кофе',NULL),(125,'help/donate/info/500/for-us/options/3','A bottle of wine','Бутылка вина',NULL),(126,'help/donate/info/500/for-them/options/1','75 tests for parasitic infections ','Проверка 75 пациентов на паразитарные инфекции',NULL),(127,'help/donate/info/1000/for-us/options/1','A couple of tickets to a quest game','Пара билетов на квест',NULL),(128,'help/donate/info/1000/for-us/options/2','A couple of cocktails at the bar','Пара коктейлей в баре',NULL),(129,'help/donate/info/1000/for-them/options/1','IUDs for 3 female patients','Установка внутриматочных спиралей трем женщинам',NULL),(130,'help/donate/info/1000/for-them/options/2','Проверка шестнадцати пациентов на туберкулез','16 TB tests',NULL),(131,'help/donate/info/1000/for-them/options/3','A month’s supply of diabetes medication for 5 patients','Поддерживающие лекарства на месяц для пяти больных диабетом',NULL),(132,'help/donate/info/for-us/title','For you','Для вас',NULL),(133,'help/donate/info/for-them/title','For other people:','Для них',NULL),(134,'help/donate/info/300/for-us/options/3','One taxi ride','Одна поездка на такси',NULL),(135,'news/tags/title','Tags','Теги',NULL),(136,'help/prepared-package/targets','Statutory aims donation','Пожертвование на уставные цели',NULL),(137,'help/volunteers/features/1','Work hard and pro bono in order to change other people’s lives for the better','Упорно и бесплатно работать, чтобы изменить жизнь людей к лучшему',NULL),(138,'help/volunteers/features/2','Get a hepatitis A, B, typhoid, rabies vaccine along with the other usual ones','Сделать плановые прививки, от гепатита А, В, брюшного тифа и бешенства',NULL),(139,'help/volunteers/features/3','Stick to high moral standards','Придерживаться высоких моральных ценностей',NULL),(140,'help/volunteers/features/4','Be able to do your job well','Уметь хорошо выполнять свою работу',NULL),(141,'help/volunteers/features/5','Pay your travel expenses','Оплатить проезд и дорожные расходы',NULL),(142,'help/volunteers/features/6','Respect culture, race, religion, and values, which may be different from yours','Уважать чужую культуру, расу, религию и ценности',NULL),(143,'help/volunteers/features/7','Donate 600$ for medical supplies and/or other supplies for the clinic and medical brigades','Сделать взнос в 600$ на покупку лекарств, расходных материалов для клиники и медицинских бригад',NULL),(144,'contacts/title','Contact us','Контакты',NULL),(145,'contacts/main-e-mail','E-mail','Наша почта',NULL),(146,'contacts/boxes/common/donations','Donations','Перевод пожертвований',NULL),(147,'contacts/boxes/common/packages','Packages','Отправка посылок',NULL),(148,'contacts/boxes/common/sponsorship','Sponsorship','Спонсорская помощь',NULL),(149,'contacts/boxes/common/volunteering','Volunteering','Волонтерство',NULL),(150,'contacts/boxes/common/press-and-media','Press and Media','Сотрудничество со СМИ',NULL),(151,'contacts/boxes/common/partnership','Partnership','Партнерство',NULL),(152,'contacts/boxes/common/title','A faster reply may be expected if you direct your inquiries as follows:','Ответим быстрее, если отправите письмо на почту по тематике:',NULL),(153,'contacts/boxes/personal/title','Team members’ e-mails:','Связаться с участниками команды можно следующим образом:',NULL),(154,'contacts/boxes/personal/1','Viktoria Valikova (please write in Russian)','Виктория Валикова (ru)',NULL),(155,'contacts/boxes/personal/2','Sergio Ottoniel Castillo Mendoza (please write in Spanish or English)','Сергио Оттониель Кастийо Мендоза (esp, en)',NULL),(156,'contacts/boxes/personal/3','Karina Basharova (please write in Russian)','Карина Башарова (ru)',NULL),(157,'contacts/boxes/personal/4','Mikhail Nikiforov (please write in Russian or English)','Михаил Никифоров (en, ru)',NULL),(158,'contacts/boxes/personal/5','Larisa Melnikova (please write in Russian or English)','Лариса Мельникова (en, ru)',NULL),(159,'layout/follow-us','Follow Health&amp;Help','Мы в социальных сетях',NULL),(160,'help/kit/minimal/options/2','Aspirin, Lugol\'s Solution, Vitamin C, medical cotton wool, Drotaverine','Аспирин, раствор йода, аскорбиновая кислота, стериальная вата, дротаверин',NULL),(161,'help/kit/minimal/options/3','Sterile cotton tissues, Naphazoline, Paracetamol, Carbo Activatus, Atropine ','Стерильные салфетки, нафтизин, парацетамол, активированный уголь, атропин',NULL),(162,'help/kits/medium/options/2','Co-amoxiclav, Bismuth Tribromophenate, Hydrocortisone, sterile bandage, Nitroglycerin, Ketanov, Permethrin ','Амоксиклав, мазь Вишневского, гидрокортизон, стерильный бинт, нитроглицерин, кетанов, перметрин',NULL),(163,'help/kits/medium/options/3','Ibuprofen, Clotrimazole, Vigantol, adhesive bandage, Procaine, Folic acid, Pancreatin','Ибупрофен, клотримазол, вигантол, липкий бинт, новокаин, фолиевая кислота, панкреатин',NULL),(164,'help/kits/maximum/options/2','Nimesulide, Metronidazole gel, cotton wool, Trimethoprim/sulfamethoxazole, Claforan, Nitrofural, Oxytocin, Procaine, Metoclopramide ','Найз, митрогил гель, гигиеническая вата, бисептол, цефотаксим, фурацилин, окситацин, новокаин, метоклопрамид',NULL),(165,'help/kits/maximum/options/3','Cefazolin, Spasmalgon, Vermox, Diclofenac, absorbent bandages, Pancreatin, Ointment Levomecol, Hirudoid cream/gel, Bisoprolol','Цефазолин, спазмалгон, вермокс, диклофенак, впитывающая повязка, панкреатин, левомеколь, гепариновая мазь, бисопролол',NULL);
/*!40000 ALTER TABLE `i18n_strings` ENABLE KEYS */;
UNLOCK TABLES;

--
-- Table structure for table `i18n_texts`
--

DROP TABLE IF EXISTS `i18n_texts`;
/*!40101 SET @saved_cs_client     = @@character_set_client */;
/*!40101 SET character_set_client = utf8 */;
CREATE TABLE `i18n_texts` (
  `id` int(11) NOT NULL AUTO_INCREMENT,
  `name` varchar(100) DEFAULT NULL,
  `scope` varchar(100) DEFAULT NULL,
  `en-US` text,
  `ru-RU` text,
  `es-ES` text,
  PRIMARY KEY (`id`),
  KEY `idx-i18n_texts-name` (`name`)
) ENGINE=InnoDB AUTO_INCREMENT=27 DEFAULT CHARSET=utf8;
/*!40101 SET character_set_client = @saved_cs_client */;

--
-- Dumping data for table `i18n_texts`
--

LOCK TABLES `i18n_texts` WRITE;
/*!40000 ALTER TABLE `i18n_texts` DISABLE KEYS */;
INSERT INTO `i18n_texts` VALUES (1,'main/intro','main','# The charity project\n\nHealth&amp;Help unites almost a hundred volunteers for the purpose of providing Guatemalan Mayan Indians with basic medical care. We work to help people and you can help the project with funds for medicine, medical supply and equipment. Even a hundred rubles can help a person in need of medical attention.','# Благотворительный проект\n\nВ проекте Health&Help почти <b>сотня</b> людей объединилась для того, чтобы дать гватемальским индейцам Майя доступ к базовой медицинской помощи. Работаем, чтобы помогать людям, а для покупки лекарств, расходных материалов и оборудования нам нужна ваша помощь. Даже сто рублей могут помочь вылечить человека',NULL),(2,'help/pharmacy/part1','help/package/sections','# Kits\n\nKits include bare essentials. Your donation will be used to pay for the supplies and postage rates.','# Готовые наборы\n\nВключают в себя самое необходимое на текущий момент. Пожертвование пойдет на закупку и отправку препаратов',NULL),(3,'help/pharmacy/part2','help/package/sections','## <a name=\"pookie\"></a> If you’d like to buy drugs yourself and send them to Guatemala...\n\nYou can use the following options:\n\n1. [Russian post](/help/send-a-package);\n1. CIS post;\n1. Shipping.\n\n## The list of necessary medical supply:\n\n#### Bandage supplies\n\n| Sterile Bandages 16 m х 1000 mm |\n| Sterile Bandages 14 m х 700 mm |\n| Sterile Bandages 10 m х 700 mm |\n| Tubular Elastic Bandage |\n| Medical glue “BF-6” 10,0 (Lifusolum, Plastubol) |\n| Styptic pads (7 pieces package) |\n| Non-sterile surgical gloves |\n\n#### Medical supplies\n| Analgin, tablets | \n| Nimesulide | \n| Paracetamol | \n| No-spa or Drotaverine, tablets №24 | \n| Furazolidone  №20 | \n| Azithromycin, 0, 25mg №6 | \n| Lincomycin, ampoules №10 | \n| Tavegil, ampoules №5 | \n| Chloropyramine, ampoules №5 | \n| Dramina  | \n| Levomekol Ointment 40gr | \n| Pirantel  0, 25mg №3 | \n| Metronidazole | \n| Procaine, ampoules 2%, 2ml, №10 | \n| Papaverine, ampoules №10 | \n| Furosemide, ampoules | \n| Enalapril  10мg №20 | \n| Ftalazol, tablets №20 | \n| Regidron №10 | \n| Selmevit  №60 | ','## Если хотите самостоятельно купить препараты и отправить в Гватемалу\n\nЕсть несколько вариантов отправлений\n\n1. [Почтой РФ](/help/send-a-package);\n1. Почтой СНГ;\n1. Курьерские службы.\n\n## Полный список необходимых медикаментов\n\n####  Перевязка и расходные материалы\n\n| Бинт стерильный 16 м х 1000 мм | 30 ₽ |\n| Бинт стерильный 14 м х 700 мм | 21 ₽ |\n| Бинт стерильный 10 м х 700 мм | 4 ₽ |\n| Салфетки стерильные 14 x 16 см в упаковках по 20 штук | 24 ₽ |\n| Трубчатые эластичные сетчато-трубчатые бинты № 1 | 15 ₽ |\n| Трубчатые эластичные сетчато-трубчатые бинты № 2 | 12 ₽ |\n| Клей БФ-6 10,0 (Лифузоль, Фуропласт, Пластубол) | 50 ₽ |\n| Лейкопластырь на тканевой основе рулонный, 3 м х 500 мм | 69 ₽ |\n| Салфетки кровоостанавливающие в упаковках по 7 штук | 90 ₽ |\n| Перчатки хирургические стерильные | 14 ₽ |\n| Перчатки хирургические нестерильные | 8 ₽ |\n\n#### Медицинские препараты\n| Анальгин в таблетках | 40 ₽ |\n| Анальгин в ампулах | 100 ₽ |\n| Нимика (Нимесулид, Найз) | 63 ₽ |\n| Кетанов (Кеторолак, Кетокам) 10 мг №20 | 56 ₽ |\n| Парацетамол | 40 ₽ |\n| Аспирин (ацетилсалициловая кислота) №20 | 200 ₽ |\n| Но-шпа или дротаверин в таб. №24 | 177 ₽ |\n| Но-шпа в амп. №5 | 97 ₽ |\n| Фуразолидон №20 | 120 ₽ |\n| Амоксициллин 0,5-№16 | 60 ₽ |\n| Азитромицин0,25 №6 | 80 ₽ |\n| Тетрациклин таб0,1 №20 | 60 ₽ |\n| Линкомицин в амп. №10 | 53 ₽ |\n| Лоратадин  в таб. 10мг №30 | 51 ₽ |\n| Тавегил в амп. №5 | 201 ₽ |\n| Хлоропирамин (супрастин) в таб. №20 | 110 ₽ |\n| Хлоропирамин (супрастин) в амп. №5 | 128 ₽ |\n| Дексаметазон 4 мг/мл №25 | 177 ₽ |\n| Драмина (от укачивания) | 152 ₽ |\n| Крем «Бепантен», «Пантенол» 50,0 | 101 ₽ |\n| Левомеколь мазь 40,0 | 120 ₽ |\n| Вермокс 0,1 № 6 таб. | 100 ₽ |\n| Пирантел 0,25 №3 | 24 ₽ |\n| Немазол | 145 ₽ |\n| Метронидазол | 20 ₽ |\n| Лидокаин в амп. 2%, 2 мл, №10 | 30 ₽ |\n| Новокаин в амп. 2%, 2 мл, №10 | 30 ₽ |\n| Ацикловир в таб. №20 | 50 ₽ |\n| Папаверин в амп. №10 | 80 ₽ |\n| Фуросемид в таб. | 27 ₽ |\n| Фуросемид в амп. | 30 ₽ |\n| Домперидон в таб. 10 мг №30 | 87 ₽ |\n| Эналаприл 10 мг  №20 | 20 ₽ |\n| Омепразол 20 мг №20 | 50 ₽ |\n| Фталозол в таб. №20 | 22 ₽ |\n| Цефалексин 0,5 №16 | 77 ₽ |\n| Гидровит/регидрон №10 | 120 ₽ |\n| Комплевит №60 | 135 ₽ |\n| Селмевит №60 | 226 ₽ |',NULL),(4,'help/volunteers/part1','help/volunteers','# If you’d like to come to Guatemala to volunteer you skills, we expect you to:','# Если вы хотите приехать в Гватемалу в качестве волонтера\n\nМы рассчитываем на вашу готовность',NULL),(5,'help/volunteers/part2','help/volunteers','##### Donation\n\nDonation is a must for everybody, except for volunteer medical professionals and construction workers.\n\n##### Food\n\nTypical Guatemalan food is rice, beans, corn, local fruits, and vegetables. You can buy corn flatbread, bananas, eggs, meat, and cheese for 1$ from locals; pre-order is required. You should bring meat and sweets with you or ask your friends and family to ship it to you later.\n\n##### Weather\n\nIt’s not too cold and not too hot either in Guatemala; the temperature is around +25Cﹾ. You should take a coat and a pullover as it gets cold at night, especially in mountains. Rubber boots and raincoats would be handy as well.\n\n##### Vaccination\n\nYou must take a first aid kit for emergencies; we will help you to put it together. You also need\nto double check if you have all the scheduled vaccinations as well as hepatitis B vaccination.\nHepatitis A, typhoid and rabies vaccinations must be done before you leave for Guatemala.\n','##### Взнос\nОбязателен для всех, кроме волонтеров-строителей,\nдля них взнос желателен, но доброволен.\n\n##### Питание\n\nОсновная пища в Гватемале - это рис, бобы, кукуруза, местные фрукты и овощи. У местных\nжителей можно купить за 1$ кукурузные лепешки, бананы, яйца, мясо, сыр, все это нужно\nзаказывать у продавцов заранее. Мясо и сладости лучше захватить с собой или попросить\nродственников выслать вам почтой.\n\n##### Погода\n\nВ Гватемале не очень холодно и не очень жарко, температура держится на уровне +25.Однако,\nстоит взять с собой свитер и ветровку - вечерами может быть холодно, особенно в горах.\nТакже не помешает захватить с собой резиновые сапоги и дождевик.\n\n##### Вакцинация\n\nСобираясь в Гватемалу, нужно обязательно захватить с собой аптечку для экстренного лечения\n (мы поможем определиться с её составом). Кроме того, рекомендуется проверить наличие всех\n плановых прививок и вакцинации от гепатита В. До выезда необходимо провести вакцинацию\n от гепатита А, брюшного тифа и  бешенства.',NULL),(6,'help/volunteers/part3','help/volunteers','##### Accommodation\n\nIf you are a volunteer medical professional or construction worker, we will give you a tent to live\nin and hot meals to eat, however long you stay.\nOther volunteers are provided with accommodation and meals in case they stay for more than\nthree months. If you’re planning to pay a short visit, we will help you to find a cheap place to\nstay (1-2$ a night).\n\n##### Visa and tickets\n\nVolunteers must pay all their travel expenses, including visa and tickets. We are happy to help\nyou with travel and flight options and put together an invitation for visa application if needed.','##### Проживание\nЕсли вы будете волонтером-строителем, мы обеспечим\nвас палаточным ночлегом и горячей едой\nвне зависимости от срока вашего пребывания в лагере.\n\nВолонтерам других специальностей мы предоставляем место\nдля ночлега и питание в случае, если  они пробудут с нами более трех месяцев. Если вы хотите приехать к нам ненадолго, мы поможем вам\nнайти кров за минимальную цену (обычно 1-2$ в сутки).\n\n##### Виза и билеты\n\nГражданам России, желающим посетить Гватемалу на срок до трех месяцев, визу получать не\nнужно. В консульстве Гватемалы можно продлить срок пребывания до полугода. Если вы планируете\nпробыть у нас более полугода, мы можем посодействовать получению визы на больший срок или же\nпридется выехать в соседнюю страну и тут же въехать обратно.\n\nБилет Москва-Гватемала-Москва при полете через США стоит от 700$, в этом случае вам может\nпотребоваться виза этой страны. Билеты по маршруту, не предусматривающему пересадок в США,\nстоят дороже - от 850$.',NULL),(7,'help/volunteers/part4','help/volunteers','## Why should I become a volunteer?\n\nVolunteering is usually associated with an urge to help those in need; apart from that, it’s also a\ngreat opportunity to meet new people and acquire new skills. Let’s go through all of the cons.\n\n### Career\n\nLet’s say, you are an engineer, an accountant, a bus driver or a waiter; you design cars, irons or\nconcrete constructions, work with ERP systems and documents, avoid traffic jams brilliantly or\nmemorize orders within a second. Being a volunteer, you will acquire skills your manager will\nappreciate: ability to work in a team, business e-mail correspondence etiquette knowledge,\nability to make translations and copy write. Moreover, having those skills, you will stand out of a\nmass of fresh graduates.\n\n### Broadening your horizons\n\nWe are controlled constantly, at work, at school: tasks and deadlines are set, instructions are\ngiven and corrections are made. Volunteers self-motivate and self-control, so volunteering is a\ngreat chance to learn time management, planning and prioritizing skills. You can also try\nsomething new: perhaps, you are a great illustrator or have fascinating ideas for T-shirt prints,\nbut haven’t pursued your passions yet.\n\n### Finding new friends\n\nOur project unites people from countries all over the world: Russia, Belorussia, USA, Portugal,\nGermany, Guatemala, and many others. If you live in a city, there is a high chance that one of\nour volunteers lives there, too; and he or she is always ready to meet you for a chat. While\nskyping, we discuss work-related issues, share opinions, take decisions, joke and laugh a lot.\nPeople are often sorry that the only thing in common with their family members is travelling and\nwatching TV. By involving your children or parents, you will have one more thing in common.\nLooking through baby clothes, knitted by your mom or your nanna, is more fun than watching\nnews.\n\n### Having fun\n\nHelping other people helps us feel better. Just try it and you’ll see ;-)\n\nIf you’d like to become a volunteer, please fill in this application form or contact Mikhail Nikiforov at [nimimi@yandex.ru](mailto:nimimi@yandex.ru).','## Зачем мне становиться волонтером?\n\nВолонтерство связывают с желанием помогать нуждающимся, а это еще и отличная возможность познакомиться с новыми людьми и получить полезные навыки. Разберемся со всем по порядку.\n\n### Карьера\nПредположим, в обычной жизни вы инженер, бухгалтер, водитель троллейбуса или официант — проектируете автомобили, утюги или бетонные конструкции, работаете с документами и 1С, профессионально преодолеваете пробки или запоминаете заказы. Став волонтером, вы приобретаете навыки, которые может оценить ваш руководитель, например, опыт командной работы, деловой переписки с партнерами и спонсорами, написания и перевода текстов.\nЕсли вы еще только заканчиваете обучение, те же самые навыки повысят вашу ценность для работодателя и выделят вас из массы вчерашних выпускников.\n\n### Саморазвитие\nНа работе и в университете нас с вами контролируют — ставят задачи и дедлайны, дают инструкции и корректируют в процессе выполнения. Волонтеры мотивируют и контролируют себя самостоятельно, поэтому волонтерство — отличный шанс научиться управлять своим временем, освоить планирование и приоретизацию задач. Вы можете попробовать себя в разном: может быть, вы отлично рисуете иллюстрации или придумываете идеи для футболок, но еще не занимались этим.\n\n### Общение\nНаш проект объединяет людей из разных стран - Россия, Беларусь, США, Португалия, Германия, Гватемала и так далее. Если вы живете в крупном городе России, скорее всего, среди его жителей найдется наш волонтер, с которым вы сможете познакомиться и пообщаться. Во время скайп-встреч мы вместе обсуждаем рабочие вопросы, делимся мнениями, принимаем решения, шутим и смеемся. Люди часто жалуются на то, что у них почти нет общих семейных дел кроме дачи и просмотра телевизора. Привлеките детей или родителей к проекту, и одной общей целью станет больше. Рассматривать после ужина шапочки для новорожденных, связанные вашей мамой или бабушкой, интереснее, чем смотреть новости.\n\n### Удовольствие\nПомогая людям, мы чувствуем себя лучше. Попробуйте, вам понравится ;-)\n\nЕсли вы хотите стать нашим волонтером, пожалуйста, [заполните анкету](https://docs.google.com/forms/d/1y7qa9oc_EBJCYiAHrRQjb1jFa_NTBAmlRS3pjrTS4p0/viewform), или напишите Михаилу Никифорову на [nimimi@yandex.ru](mailto:nimimi@yandex.ru).',NULL),(8,'help/send-a-package','help','# Send a package\n\n## 1. Packaging\n\nItems less than 3 kg: place in an envelope, plastic bag or packaging paper, tie up or seal;\n\nLarger and heavier items: place in a box no longer than 150cm. The box’s height, width and length must amount to less than 300 cm. Weight restrictions: total weight of the package should be less than 20 kg. Do not seal with scotch tape. If the items within the box are loose, use cushion materials. \n\n## 2. Shipping\n\n#### Where from?\nYour local post office that ships international. \n\n#### What do I fill out? \nYour country’s official postage papers such as customs forms are available at your local post office that ships international. Before assembling your package, please check what items are allowed to be sent into Guatemala. \n\n### Clothing\nPlease list the items both in your native language and English, i.e. “cotton hats for newborns”. All items should be rid of their price tags and marked as ‘second-hand’. New items can be sent up to 3 at a time, used items can be sent in unlimited quantities. Please note the approximate weight of each item, i.e.:\n1. T-shirts/4/500 each.\n2. Socks (used)/5/200g each.\n3. Buckwheat/1 bag/ 1000g.\n\n### Medical \nWhen sending medical supplies, please don’t list them in the package forms! \n\n#### Packaging of medical supplies\nWrap medications in thick opaque color bags; even better if the bag depicts something that is allowed to send: chocolates, candies, cookies. \n\n#### Forms\nInstead of listing the medications you are about to send, list something else in the forms such as candies/chocolates/cookies, if they are allowed. Medical equipment is best to be sent as household electronics such as air humidifiers, vacuum cleaners, sterilizers and UV lamps - nail curers and microwaves. \n\n### Food items \nPlease check if your country is allowed to send non-perishable food items to Guatemala. To send tea, coffee, herbal supplements, dried fruit and vegetables that are not officially allowed, the sender also needs to ‘conceal’ them. If you are sending a large package with items that are officially allowed, i.e. 19 kg of  swaddling clothes and 1 kg of restricted items, it is best to send separate packages with what is allowed and what is not. In the ‘allowed’ package place the 19kg of swaddling clothes and 1 kg of powdered milk. In the ‘restricted’ package place tea, coffee, medications, dried vegetables and top off with something that is permitted, like 1 kg of used socks. \n\n## Shipping address\n\n12 calle, 4-45,  \nzona 7,  \nColonia Landivar,  \nCiudad de Guatemala,  \nGuatemala,01007  \nTO: Omar Josue Rodríguez Paniagua  \n\nand\n\nSegunda Avenida, 3-62,  \nzona 3,  \nel calvario,  \nHuehuetenango,  \nGuatemala, 13001   \nTO: Victoria Valikova\n\n','# Как отправить посылку Почтой России\n\n## 1. Упаковка\n\nНебольшие вещи весом до 3 кг: упаковать в конверт, пластиковый пакет или  плотную бумагу,\nперевязав или заклеив обертку;\n\nКрупные и тяжелые посылки: положить в коробку, её можно купить на почте или взять с собой. Надписи на собственной\nкоробке можно закрасить маркером. Длина коробки не больше 150 см. Сумма длины, высоты и ширины не больше 300 см.\n\nОграничения по весу: общий вес не больше 20 кг. Заклеивать коробку не нужно.\nЧтобы содержимое не перемешалось внутри коробки, можно заполнить её ватой или мятой бумагой.\n\n\n## 2. Отправка\n\n#### Где?\nПосылку можно отправить в любом отделении Почты России.\n\n#### Что придётся заполнять?\nВ некоторых отделениях вас попросят написать на бумажке или коробке адрес получателя,\nв других – заполнить бланк сопроводительного адреса CP 71 и три экземпляра таможенной декларации CN 23.\n\n\n### Вещи\n\nНа русском и английском языках указывается содержимое посылки, например,\n«шапочки для новорожденных из хлопка». Если вы не знаете название на английском,  пишите транслитом.\n\nВсе вещи нужно лишить ценников и пометить как бывшие в употреблении — б/у.\nНовых вещей можно отправлять всего по три экземпляра, а б/у — сколько угодно.\n\nУказать количество и примерный вес, например:\n1. T-shirt / Футболка б/у, / 4 шт. / 500 г.\n2. Socks / Носки б/у / 5 шт. / 200 г.\n3. Grecha / греча / 1 пач. / 1000 г.\n\n\n### Медикаменты\n\nОтправляя медицинские расходники, лекарства и оборудование, не указывайте\nих в бланках с описанием содержимого посылки!\n\n#### Упаковка\nЗаверните лекарства в непрозрачные, лучше фабричные пакеты, из-под того, что\nприсылать можно: шоколад, печенье или конфеты.\n\n#### Бланки\nВ посылке укажите «конфеты, 1 кг». Медицинские приборы удобно посылать под видом бытовых,\nнапример, ингалятор становится «увлажнителем воздуха» или «пылесосом», а стерилизаторы или УФ лампы —\n«сушилки для ногтей» или «микроволновки».\n\n\n### Продукты\n\nОтправляя чай, кофе, травы, фрукты и овощи, в том числе сушеные, их точно так же придется «маскировать».\nЕсли вы отправляете большую посылку с тем, что можно, например, 19 кг пеленок, и 1 кг\nтого, что нельзя, лучше все же делать отдельные посылки — «можно» и «нельзя».\n\nВ посылку «можно» положите 19 кг пеленок и 1 кг сухого молока. В посылку «нельзя» — чай, кофе,\nлекарства, расходники и сушеную морковь, а сверху, например, 1 кг «разрешенных» носков.\n\n## Адрес для отправки\n\n12 calle, 4-45,  \nzona 7,  \nColonia Landivar,  \nCiudad de Guatemala,  \nGuatemala,01007  \nTO: Omar Josue Rodríguez Paniagua  \n\nи\n\nSegunda Avenida, 3-62,  \nzona 3,  \nel calvario,  \nHuehuetenango,  \nGuatemala, 13001   \nTO: Victoria Valikova',NULL),(11,NULL,NULL,'It has already been a year since we started our project on a clinic construction in Guatemala. Thousands of people have been helping us by making donations, sending packages, spreading the word on social media, and becoming volunteers. Finally, we are ready to go: we are in Guatemala and start construction works in July. There’s little left: we need to raise money for further construction works, for clinic’s routine functioning and setting up medical brigades.\n\nWe are starting the crowdfunding campaign on international platform. Support us by donating and sharing on social media:\n\n[Facebook](https://www.facebook.com/healthandhelporg/posts/603310439832722​)  \n[ВКонтакте](https://vk.com/heandhe?w=wall-99809841_463/all​)  \n[LiveJournal](http://tropical-doc.livejournal.com/34257.html​)\n\nChange the lives of 15,000 people for the better: http://bit.ly/hehe-together','Уже почти год, как мы начали проект, посвященный строительству клиники в Гваетмале. Тысячи людей помогали и продолжают помогать нам в этой истории: делают пожертвования, посылают посылки, распространяют информацию в соцсетях или становятся волонтерами. И вот, все готово: мы в Гватемале и уже в июле начинаем строить. Осталось совсем немного: собрать деньги на второй этап строительства, функционирование клиники и организацию медицинских бригад.\n\nМы запускаем краудфандинг на международной платформе. Поддержите нас: сделайте пожертвование и распространите посты в соцсетях:\n\n[Facebook](https://www.facebook.com/healthandhelporg/posts/603310439832722​)  \n[ВКонтакте](https://vk.com/heandhe?w=wall-99809841_463/all​)  \n[LiveJournal](http://tropical-doc.livejournal.com/34257.html​)\n\nИзменить жизнь 15 000 человек к лучшему: http://bit.ly/hehe-together',NULL),(12,NULL,NULL,'50 people have already made their donations for the project! The fiftieth donation was 8$, sent by an anonymous. We are happy to receive any amount as this donation brings another supporter to our team.\n\n[Join our team](https://www.generosity.com/medical-fundraising/let-s-build-a-clinic-for-locals-in-guatemala)','Уже 50 человек сделали пожертвования на наш проект! Пятидесятым пожертвованием оказались 8$, присланные анонимом. Мы очень рады и таким небольшим донациям, ведь за каждой из них - еще один человек, который поддержал нас.\n\n[Присоединяйтесь к нашей кампании](https://www.generosity.com/medical-fundraising/let-s-build-a-clinic-for-locals-in-guatemala)',NULL),(13,NULL,NULL,'Guatemala is a country of jungles, volcanos, and Mayan Indians, who invented chocolate. But it is also a country, where bad eyesight could kill: if you have eye problems, you aren’t able to work, provide for your family or study. Because of the starvation and bright sunshine, it’s easy to lose vision.\n\nWe’ve asked our friends and found out that every third person has a pair of glasses, which they don’t use. Because of reasons: they’ve become bored with the frame; it’s outfashioned, got a few scratches. Those glasses could save a person from starvation or give him or her a chance for a better life.\n\nIt’s never been so easy to become a superhero.\n\nIf you’d like to put a donation box in your office, please contact Larisa at [larisa.v.melnikova@gmail.com](mailto:larisa.v.melnikova@gmail.com)\n\nIf you’d like to donate your old glasses, please [follow us on Facebook](https://www.facebook.com/healthandhelporg); you will get updates on Facebook; you will get updates on freshly set up donation boxes.','Гватемала - это страна джунглей, вулканов, индейцев Майя, которые когда-то изобрели шоколад. Но еще это страна, где слабое зрение может убить - если ты плохо видишь, ты не можешь работать, кормить семью или учиться. Потерять зрение там легко, в этом помогают повсевместное недоедание и яркое солнце. \n\nМы расспросили друзей и знакомых: в среднем, у каждого третьего человека есть дома очки, которые больше не подходят ему или кому-то из членов его семьи. Или походят, но надоела оправа, вышли из моды, или появилась пара царапин. Эти ненужные очки могут спасти кого-то от голода и дать кому-то шанс на лучшую жизнь. \n\nЕще никогда стать супергероем-спасателем не было так просто. \n\nЕсли ты готов поставить ящик сбора очков в своей компании, пожалуйста, напиши нам на [larisa.v.melnikova@gmail.com](mailto:larisa.v.melnikova@gmail.com)\n\nЕсли у тебя есть ненужные очки, пожалуйста, [подпишись на нас в Facebook](https://www.facebook.com/healthandhelporg), чтобы получать новости об устанавливаемых ящиках сбора.',NULL),(14,NULL,NULL,'[FuckUp Nights](www.fuckupnights.com) - is an event, which is held in different places all over the world and helps businesses and nonprofit organizations learn from their mistakes. We have overcome many problems: corruption, armed conflicts, and discrepancies in the legal system. Sometimes, our reaction to those events was untimely and wrong, but learning from our mistakes helped us become stronger and better.\n\nOn July 14, 2016, our team member [Larisa Melnikova](https://www.facebook.com/LaraMelnikova>) will speak in Digital October Hall on how our mistakes influenced the clinic construction and our special projects - ophthalmologic lprogram and mobile brigades.\n\nSee more at [event’s Facebook page](https://www.facebook.com/events/826560987475408).','[FuckUp Nights](www.fuckupnights.com) - это серия мероприятий, которая проходит по всему миру и помогает бизнесу и некоммерческим организациям учиться на ошибках друг друга. На нашем пути мы сталкивались со многим - коррупцией, вооруженными стычками, противоречивым законодательством. Иногда мы запоздало или неправильно реагировали на происходящее, и работа над ошибками помогла нам стать сильнее и лучше. \n\n14 июля в Digital October на второй конференции FuckUp Nights в Москве участник нашей команды [Лариса Мельникова](https://www.facebook.com/LaraMelnikova>) расскажет о том, как наши ошибки повлияли на строительство клиники и наши спецпроекты - офтальмологическую программу и мобильные бригады. \n\nУзнать больше о конференции можно на [странице мероприятия в Facebook](https://www.facebook.com/events/826560987475408)',NULL),(15,'team/desc','team','Health&amp;Help unites almost a hundred volunteers, and some of them work for the project on a daily basis, coordinating other volunteers’ work, managing special projects, managing expenses, treating people. We would like to thank each volunteer for his or her help and participation.','В проекте участвует почти сто человек, и некоторые из них постоянно работают над проектом — координируют работу волонтеров, руководят спецпроектами, управляют расходами и лечат людей. Мы благодарны каждому за помощь и участие.',NULL),(16,'help/package/sections/promotional-products','help/package/sections','# <a id=\"promotional-products\"></a>Promotional products\n\nHealth&amp;Help logo T-shirts  \nEmbroidered Health&amp;Help logo badges  \nHealth&amp;Help logo stickers','# <a id=\"promotional-products\"></a>Печатные материалы\n\nФутболки с нашим логотипом  \nНашивки с нашим логотипом  \nНаклейки с нашим логотипом',NULL),(17,'help/package/sections/household-products','help/package/sections','# <a id=\"household-products\"></a> Household products\n\nHard plastic or aluminum dishes  \nPlastic containers  \nPlastic or cardboard storage containers  \nClothespins  \nInflatable Mattresses and Airbeds (2,000 x 1,400 cm, preferably)','# <a id=\"household-products\"></a> Посуда, хозяйство\n\nПосуда из твердого пластика или алюминия  \nПластиковые контейнеры  \nКоробки для вещей из пластика или твердого картона  \nПрищепки  \nНадувные кровати-матрацы (лучше полуторные.',NULL),(18,'help/package/sections/linen','help/package/sections','# <a id=\"linen\"></a>Linen\n\nLinen bags  \nTowels  \nRopes, cables','# <a id=\"linen\"></a>Текстиль\n\nТряпичные мешки  \nПолотенца  \nВеревки, канаты, тросы',NULL),(19,'help/package/sections/clothing-and-footwear','help/package/sections','# <a id=\"clothing-and-footwear\"></a> Clothing&Footwear\n\nRubber boots  \nBackpacks  \nSocks  \nCotton work gloves  \nAny type of clothes (new or used)','# <a id=\"clothing-and-footwear\"></a>Одежда, обувь\n\nРезиновые сапоги  \nРюкзаки разных размеров  \nНоски  \nПерчатки рабочие (х/б)  \nЛюбая чистая одежда (новая или б/у)\n',NULL),(20,'help/package/sections/hygienic-products','help/package/sections','# <a id=\"hygienic-products\"></a> Hygienic products\n\nSunscreens  \nInsect repellents  \nSoap','# <a id=\"hygienic-products\"></a>Кожа, гигиена\n\nСолнцезащитный крем  \nКрем от комаров  \nМыло',NULL),(21,'help/package/sections/musical-instruments','help/package/sections','# <a id=\"musical-instruments\"></a> Musical instruments\n\nHarmonica  \nAccordion  \nFlute  \nHawaiian guitar  \nBalalaika  \nXylophone  \nTambourine','# <a id=\"musical-instruments\"></a>Музыка\nГубная гармошка  \nГармошка  \nФлейта  \nГавайская гитара  \nБалалайка  \nКсилофон  \nБубен  \nТамбурин',NULL),(22,'help/package/sections/childcare-products','help/package/sections','# <a id=\"childcare-products\"></a> Childcare products\n\nEnglish and Russian languages study books  \nStudy books with pictures for children  \nColoring books  \nColored pencils  \nChalks  \nPlasticine  \nColors  \nColored markers  \nBoard games  \nToys, rattles  \nChildren’s wear (new or used)  \nNewborn baby hats  \nChildren foods  \nChildren healthcare nutrition  ','# <a id=\"childcare-products\"></a>Детям\n\nУчебники английского/русского языков  \nДетские книжки с картинками  \nРаскраски  \nЦветные карандаши  \nМелки  \nПластилин  \nКраски  \nФломастеры  \nНастольные игры  \nДетские игрушки-погремушки  \nДетская одежда и обувь (новая или чистая б/у)  \nШапочки для новорожденных  \nДетское питание  \nДетские смеси',NULL),(23,'help/package/sections/groceries','help/package/sections','#<a id=\"groceries\"></a> Groceries\n\nDried milk  \nChocolate  \nHematogen   \nFlour  \nYeast  \nVanillin  \nBacking soda  \nSemolina  \nBuckwheet  \nMillet  \nPasta  \nCondensed milk  \nFlavored Bouillon cubes  \nCanned meat  \nCanned fish  \nGranola bars  \nHalvah  \nBiscuits, ginger bread  \nRaisins, dried apricots and plums  \nNuts  \nHoney  \nTea  \nJelly  \nPudding mixes','#<a id=\"groceries\"></a> Еда, напитки\n\nСухое молоко  \nШоколад  \nГематоген  \nМука цельнозерновая  \nДрожжи  \nВанилин  \nСода  \nМанка  \nГречка  \nПшенка  \nМакароны  \nСгущенка  \nКубики бульонные  \nСгущенка  \nТущенка  \nРыбные консервы  \nКозинаки  \nХалва  \nПеченье/пряники  \nИзюм/курага/чернослив  \nОрехи  \nМед  \nЧай  \nКисель  \nПудинги в пакетах\n',NULL),(24,'help/package/sections/books','help/package/sections','# <a id=\"books\"></a>Books\n\nMedical books in Spanish/English  \nMedical atlases','# <a id=\"books\"></a>Книги\n\nКниги по медицине на испанском/английском языках  \nАтласы медицинские',NULL),(25,'help/package/sections/other','help/package/sections','# <a id=\"other\"></a> Other  \nPainting brushes  \nRussian memorabilia (matryoshkas, patterns, dishes)  \nGrass seeds  \nMedical manikins  \nSurgical gloves  \nUrine tests  \nUretic catheter CH16/18  \nOrthopedic casts and splints  \nPregnancy tests  \nBlood Glucose Test Strips (accu-check)  \nCompression Tights\n','# <a id=\"other\"></a>Разное\n\nКисточки малярные  \nМотивы русской культуры (матрешки/орнаменты/баба на чайник/утварь)  \nСемена газонной травы  \nМуляжи медицинские  \nМанекены  \nПерчатки медицинские  \nТест-полоски для анализа мочи  \nКатетеры урологические CH16/18  \nОртопедические шины (запястье, рука и другие)  \nТесты на беременность  \nТест-полоски для глюкометров (аку)  \nКомпрессионные чулки\n',NULL),(26,'about/history/text','about/history','# About Health&Help\n\nThe Health&Help project was born out of a dream of the founder Viktoria Valikova; so we asked Vika to tell you how it all started instead of boring you with a long text and a bunch of dates. \n\n![](/images/about/img1.jpg)\n\nIt’s fascinating to remember how it all started. I was travelling around Asia in the beginning of 2013, and, seeing people, sleeping in the streets in cardboard boxes, eating food out of trash, for the first time in my life I realized that I am luckier than others.\n\nI started looking for a job in Third World Countries, having decided to myself it’s a better idea than working in a luxurious private clinic in my home town, Ufa. Among hundreds of organizations, I came across the Institute of Tropical Medicine and I left not for work, but for studies.\n\nTropical medicine and health systems management in resource-constrained settings course had been the final drop – I came to realization that my life should be devoted to changing this world for the best, whatever it took.\n\nI have chosen Guatemala randomly, from a very long list of organizations, where a doctor was needed. And I wasn’t sorry. By the time we landed, Guatemala had already had a place in my heart: I fell in love with this country, with its mountains, forests, volcanos, lakes, and, as it turned out later, with people.\n\n![](/images/about/img2.jpg)\n\nI was working in a small remote village, where only I and midwife Inti provided medical services for locals within thousands of kilometers distance. I was absolutely happy, living in my small world without electricity, hot water and any connection with the outside world.\n\nI wasn’t travelling a lot because of the constant tension at work; so when my mom came to visit me in Guatemala, we took a small break: it helped me realize there are a lot of places similar to Pojom – the village, where the clinic was – and this trip encouraged me to set my new life goals.\n\n![](/images/about/img3.jpg)\n\nWhile volunteering at Huehuetenango National Hospital, I met a young doctor Sergio Castillo, whose life goals were totally different from other doctors’ - they were planning to open a private practice in the city. He, as me myself, was dreaming of making lives of the poorest and the most depleted locals better. Thus, we began thinking of the Clinic at the Edge of the World.\n\nI returned to Russia in July, 2015 to gather a team and start the fundraiser at crowdfunding.com. I met Karina Basharova, who helped me build everything from scratch, when we literally had nothing (no people, no money, no nothing), but our dream. We met Igor Yenin, who overheard our conversation about the project and joined the team; he overtook the technical side of the project.\n\nOur team was growing: we met Zina Shembulatova, Margarita Kudryavtseva and other guys, who helped us expand. In January, 2016, we started our first crowdfunding campaign and raised RUB1,327,000 for the primary construction works. \n\n![](/images/about/img4.jpg)\n\nWe met a lot of new friends and sympathizers; our home based volunteering team started working on a daily basis, thanks to managers Mikhail Nikiforov and Larisa Melnikova mostly. Thanks to Roman Gek, founder of the School for Nepal, we met young and talented architects the Shishins, Elizaveta and Misha, who created the blueprints and were brave enough to leave for Guatemala to manage the construction.\n\nI left for Guatemala in February, 2016 to prepare the construction site and establish relationship with local authorities. While working on the project, we lived through changing several construction sites, difficulties with shipments, losing several key volunteers, and many other troubles. But, no matter what, we continue our journey, we work every day pro bono so the day, when clinic will open its door for every person in need, comes and it comes soon.\n\n![](/images/about/img5.jpg)\n\nWe started the construction in July, 2016. So make a step, join our team: help us from home or on-site, send us treats or medical supplies, make donations and… change this world for the better with us!\n\n\n\n','# Наша история\n\nПроект «Health&Help» начался как мечта одного человека – нашего основателя Виктории Валиковой, поэтому вместо составления скучного текста со списком дат мы попросили Вику рассказать, как это было.\n\n![](/images/about/img1.jpg)\n\nНа самом деле, очень интересно вспоминать, как все начиналось. В начале 2013 года я поехала путешествовать по Азии и там, видя людей, спящих на улице в лохмотьях, для многих из которых дом — картонная коробка, а ужин — объедки из мусорного бака, мне в голову впервые пришла мысль, что в жизни мне повезло намного больше чем другим.\n\nЯ начала искать работу в странах третьего мира, решив, что этот путь намного более верный, нежели работа в люксовой частной клинике в родной Уфе. Среди сотен организаций я наткнулась на институт тропической медицины и поехала не работать, а учиться.\n\nКурс тропической медицины и организации здравоохранения в странах с ограниченными ресурсами стал «точкой невозврата» — теперь я знала точно, что жизнь моя, так или иначе, будет связана с изменением этого мира к лучшему, чего бы мне это не стоило.\n\nГватемалу я выбрала «рандомно» из длинного списка проектов, куда требовался врач. И не пожалела. Еще до приземления самолета Гватемала клеймом прожгла мне сердце: я влюбилась в эту страну: в ее горы, леса, вулканы, озера и — как выяснилось уже позже — в людей.\n\n![](/images/about/img2.jpg)\n\nЯ работала в маленькой, богом забытой деревушке, где никто, кроме нас с акушеркой Инти, не оказывал врачебной помощи на многие километры и тысячи жителей других поселений. Я была абсолютно счастлива в своем маленьком мирке без электричества, горячей воды и телекоммуникаций.\n\nЯ мало путешествовала по стране из-за постоянной и напряженной работы в клинике, но когда моя мама прилетела в Гватемалу навестить меня, и мы поехали в небольшой отпуск, я увидела, что таких мест как наш Похом — место где располагалась клиника — сотни, и поняла, чему будут посвящены дальнейшие годы моей жизни.\n\n![](/images/about/img3.jpg)\n\nВо время волонтерства в Национальном госпитале Уеуетенанго я познакомилась с молодым врачом Сергио Кастийо, философия которого круто отличалась от жизненных приоритетов других врачей в Гватемале, которые открывают частные кабинеты в столице. Он, как и я, мечтал сделать лучше жизнь самых бедных и самых ущемленных поселений. Так мы начали думать о Клинике на Краю Земли.\n\nЯ вернулась в Россию в июле 2015 года, чтобы собрать команду и запустить проект на краудфандинге. Так я нашла Карину Башарову, которая начала помогать с «нуля», когда у нас не было ни людей, ни денег, в общем-то ничего, кроме мечты. Мы встретили Игоря Енина, который услышал про проект в автобусе и присоединился к нашей команде, он начал заниматься технической частью проекта.\n\nНаша команда начала расти: мы встретили Зину Шембулатову, Маргариту Кудрявцеву, и многих других ребят, которые помогали нам развиваться. В январе 2016 года мы запустили нашу первую краудфандинговую кампанию и собрали 1 миллион 327 тысяч рублей на первый этап строительства.\n\n![](/images/about/img4.jpg)\n\nУ нас появилось множество друзей и соратников, наша команда дистанционных волонтеров стала работать отлаженно во многом благодаря руководящим кадрам в лице Михаила Никифорова и Ларисы Мельниковой. Через нашего друга и товарища Романа Гека, основателя School for Nepal, мы нашли молодых и талантливых архитекторов Елизавету и Мишу Шишиных, которые сделали планы строительства и отважились поехать руководить стройкой в Гватемале.\n\nЯ улетела в Гватемалу для подготовки места и работы с официальными структурами в феврале 2016 года. За время работы над проектом мы пережили несколько смен места строительства, сложности с почтовыми пересылками, потерю нескольких ключевых волонтеров и многие другие неприятности. Но, несмотря ни на что, мы движемся вперед, мы работаем каждый день, не получая зарплаты, для того, чтобы день, когда клиника распахнет свои двери для тысяч нуждающихся наступил, и наступил скоро.\n\n![](/images/about/img5.jpg)\n\nМы начинаем стройку в июле 2016 года. Сделай шаг — присоединяйся к команде, помогай нам дистанционно и на локации, присылай вкусняшки или медикаменты для клиники, делай пожертвования и… меняй этот мир с нами!',NULL);
/*!40000 ALTER TABLE `i18n_texts` ENABLE KEYS */;
UNLOCK TABLES;

--
-- Table structure for table `members`
--

DROP TABLE IF EXISTS `members`;
/*!40101 SET @saved_cs_client     = @@character_set_client */;
/*!40101 SET character_set_client = utf8 */;
CREATE TABLE `members` (
  `id` int(11) NOT NULL AUTO_INCREMENT,
  `name_id` int(11) NOT NULL,
  `photo_url` varchar(255) DEFAULT NULL,
  `vk` varchar(100) DEFAULT NULL,
  `fb` varchar(100) DEFAULT NULL,
  `linked_in` varchar(100) DEFAULT NULL,
  `email` varchar(100) DEFAULT NULL,
  `role_id` int(11) NOT NULL,
  PRIMARY KEY (`id`),
  KEY `fk-members-name_id` (`name_id`),
  KEY `fk-members-role_id` (`role_id`),
  CONSTRAINT `fk-members-name_id` FOREIGN KEY (`name_id`) REFERENCES `i18n_strings` (`id`),
  CONSTRAINT `fk-members-role_id` FOREIGN KEY (`role_id`) REFERENCES `i18n_strings` (`id`)
) ENGINE=InnoDB AUTO_INCREMENT=21 DEFAULT CHARSET=utf8;
/*!40101 SET character_set_client = @saved_cs_client */;

--
-- Dumping data for table `members`
--

LOCK TABLES `members` WRITE;
/*!40000 ALTER TABLE `members` DISABLE KEYS */;
INSERT INTO `members` VALUES (1,6,'/images/main/members/viktoriya_valikova_4x3_small.jpg','http://vk.com/vik.valikova','https://www.facebook.com/viktoriya.valikova',NULL,'viktoriya.valikova@gmail.com',7),(2,8,'/images/main/members/karina_basharova_4х3_small.jpg','http://vk.com/kr.basharova','https://www.facebook.com/kr.basharova',NULL,'kr.basharova@gmail.com',9),(3,10,'/images/main/members/serdjio_4x3_small.jpg','http://vk.com/id324087451','https://www.facebook.com/otto.castillo.71',NULL,'Sergiocastillomed@outlook.com',11),(4,12,'/images/main/members/mihail_shishin_4х3_small.jpg','http://vk.com/id2103608',NULL,NULL,NULL,13),(5,14,'/images/main/members/igor_enin_4x3_small.jpg','http://vk.com/ropepark_tb',NULL,NULL,'gaareg@mail.ru',15),(6,16,'/images/main/members/margarita_kudryavtseva 4х3_small.jpg','https://vk.com/id774962',NULL,NULL,'ritakudryavtseva@gmail.com',17),(9,22,'/images/main/members/mihail_nikiforof_4x3_small.jpg','http://vk.com/id1139974',NULL,NULL,'nimimi@yandex.ru',23),(10,24,'/images/main/members/larisa_melnikova_4x3_small.jpg',NULL,'http://facebook.com/laramelnikova','https://www.linkedin.com/in/larisamelnikova','larisa.v.melnikova@gmail.com',25),(11,26,'/images/main/members/elizaveta_shishina_4х3_small.jpg','http://vk.com/liz.shishina',NULL,NULL,NULL,13),(12,45,'/images/main/members/natalia_ovchinnikova_4x3_small.jpg',NULL,NULL,NULL,NULL,46),(13,47,'/images/main/members/tatiana_malkova_4x3_small.jpg',NULL,NULL,NULL,NULL,48),(14,49,'/images/main/members/vladimir_polulyakhov_4x3_small.jpg',NULL,NULL,NULL,NULL,50),(15,51,'/images/main/members/nikolai_mavrenkov_4x3_small.jpg','https://vk.com/id772744','https://www.facebook.com/profile.php?id=1717166686','https://www.linkedin.com/in/nikolay-mavrenkov-5aab364b','koluch@koluch.ru',52),(16,53,'/images/main/members/alla_tokareva_4x3_small.jpg',NULL,'https://www.facebook.com/profile.php?id=100010559264581',NULL,'alfil.tokareva@gmail.com',54),(17,55,'/images/main/members/aleksandr_burakov_4x3_small.jpg','https://vk.com/sashnch',NULL,NULL,'aleksandr.medox@yandex.ru',56),(18,57,'/images/main/members/aleksandr_pasechnyk_4x3_small.jpg','https://vk.com/aleksandrpasichnyk','https://www.facebook.com/aleksandrpasichnyk',NULL,'drpasechnyk@gmail.com',56),(19,58,'/images/main/members/nina_mikhailava_4x3_small.jpg','https://vk.com/qwearr','https://www.facebook.com/nina.mikhailava','https://www.linkedin.com/in/qwearr/en',NULL,50),(20,60,'/images/main/members/elena_esakova_4x3_small.jpg',NULL,'https://www.facebook.com/elena.esakova.5',NULL,'elena-esakova@yandex.ru',61);
/*!40000 ALTER TABLE `members` ENABLE KEYS */;
UNLOCK TABLES;

--
-- Table structure for table `migration`
--

DROP TABLE IF EXISTS `migration`;
/*!40101 SET @saved_cs_client     = @@character_set_client */;
/*!40101 SET character_set_client = utf8 */;
CREATE TABLE `migration` (
  `version` varchar(180) NOT NULL,
  `apply_time` int(11) DEFAULT NULL,
  PRIMARY KEY (`version`)
) ENGINE=InnoDB DEFAULT CHARSET=utf8;
/*!40101 SET character_set_client = @saved_cs_client */;

--
-- Dumping data for table `migration`
--

LOCK TABLES `migration` WRITE;
/*!40000 ALTER TABLE `migration` DISABLE KEYS */;
INSERT INTO `migration` VALUES ('m000000_000000_base',1467478292),('m160604_224942_create_i18n_strings',1467478294),('m160611_103729_create_i18n_texts',1467478294),('m160612_140733_create_members',1467478294),('m160702_095004_create_news',1467478294),('m160702_100405_create_news_tags',1467478294),('m160702_103054_create_junction_news_and_news_tags',1467478295),('m160702_103120_add_some_news',1467478295),('m160703_095325_fix_texts',1467542329),('m160703_120822_fix_texts',1467548315),('m160703_122302_fix_texts',1467548628),('m160703_133626_fix_texts',1467553344),('m160703_134646_add_news',1468081374),('m160709_164629_fix_news',1468088335),('m160709_181006_fix_texts',1468088335),('m160712_221252_add_news',1468365100),('m160712_235057_add_news',1468368439),('m160713_232240_fix_texts',1468452319),('m160715_215813_add_team_members',1468670194),('m160721_204739_alter_junction_table',1469262801),('m160730_124137_fix_texts',1469882680),('m160730_124748_fix_texts',1469882968);
/*!40000 ALTER TABLE `migration` ENABLE KEYS */;
UNLOCK TABLES;

--
-- Table structure for table `news`
--

DROP TABLE IF EXISTS `news`;
/*!40101 SET @saved_cs_client     = @@character_set_client */;
/*!40101 SET character_set_client = utf8 */;
CREATE TABLE `news` (
  `id` int(11) NOT NULL AUTO_INCREMENT,
  `date` timestamp NOT NULL DEFAULT CURRENT_TIMESTAMP,
  `title_id` int(11) NOT NULL,
  `text_id` int(11) NOT NULL,
  `image_url` varchar(1000) DEFAULT NULL,
  PRIMARY KEY (`id`),
  KEY `fk-news-title_id` (`title_id`),
  KEY `fk-news-text_id` (`text_id`),
  CONSTRAINT `fk-news-text_id` FOREIGN KEY (`text_id`) REFERENCES `i18n_texts` (`id`),
  CONSTRAINT `fk-news-title_id` FOREIGN KEY (`title_id`) REFERENCES `i18n_strings` (`id`)
) ENGINE=InnoDB AUTO_INCREMENT=7 DEFAULT CHARSET=utf8;
/*!40101 SET character_set_client = @saved_cs_client */;

--
-- Dumping data for table `news`
--

LOCK TABLES `news` WRITE;
/*!40000 ALTER TABLE `news` DISABLE KEYS */;
INSERT INTO `news` VALUES (3,'2016-06-27 21:00:00',35,11,'/images/news/2UpfyKHwA3k-2-40850.jpg'),(4,'2016-06-28 21:00:00',36,12,'/images/news/2016-06-29_12-17-58-18636.png'),(5,'2016-07-07 21:00:00',38,13,'/images/news/img_oft_1-17677.jpg'),(6,'2016-07-09 21:00:00',44,14,'/images/news/img_01-85935.jpg');
/*!40000 ALTER TABLE `news` ENABLE KEYS */;
UNLOCK TABLES;

--
-- Table structure for table `news_news_tags`
--

DROP TABLE IF EXISTS `news_news_tags`;
/*!40101 SET @saved_cs_client     = @@character_set_client */;
/*!40101 SET character_set_client = utf8 */;
CREATE TABLE `news_news_tags` (
  `news_id` int(11) NOT NULL DEFAULT '0',
  `news_tags_id` int(11) NOT NULL DEFAULT '0',
  `id` int(11) NOT NULL AUTO_INCREMENT,
  PRIMARY KEY (`id`),
  UNIQUE KEY `idx-news_news_tags-unique` (`news_id`,`news_tags_id`),
  KEY `idx-news_news_tags-news_id` (`news_id`),
  KEY `idx-news_news_tags-news_tags_id` (`news_tags_id`),
  CONSTRAINT `fk-news_news_tags-news_id` FOREIGN KEY (`news_id`) REFERENCES `news` (`id`) ON DELETE CASCADE,
  CONSTRAINT `fk-news_news_tags-news_tags_id` FOREIGN KEY (`news_tags_id`) REFERENCES `news_tags` (`id`) ON DELETE CASCADE
) ENGINE=InnoDB AUTO_INCREMENT=13 DEFAULT CHARSET=utf8;
/*!40101 SET character_set_client = @saved_cs_client */;

--
-- Dumping data for table `news_news_tags`
--

LOCK TABLES `news_news_tags` WRITE;
/*!40000 ALTER TABLE `news_news_tags` DISABLE KEYS */;
INSERT INTO `news_news_tags` VALUES (3,1,1),(3,5,2),(4,1,3),(4,5,4),(5,6,5),(6,5,6),(6,6,7),(6,7,8),(6,8,9),(6,9,10),(6,10,11),(6,11,12);
/*!40000 ALTER TABLE `news_news_tags` ENABLE KEYS */;
UNLOCK TABLES;

--
-- Table structure for table `news_tags`
--

DROP TABLE IF EXISTS `news_tags`;
/*!40101 SET @saved_cs_client     = @@character_set_client */;
/*!40101 SET character_set_client = utf8 */;
CREATE TABLE `news_tags` (
  `id` int(11) NOT NULL AUTO_INCREMENT,
  `title_id` int(11) NOT NULL,
  PRIMARY KEY (`id`),
  KEY `fk-news-tags-title_id` (`title_id`),
  CONSTRAINT `fk-news-tags-title_id` FOREIGN KEY (`title_id`) REFERENCES `i18n_strings` (`id`)
) ENGINE=InnoDB AUTO_INCREMENT=12 DEFAULT CHARSET=utf8;
/*!40101 SET character_set_client = @saved_cs_client */;

--
-- Dumping data for table `news_tags`
--

LOCK TABLES `news_tags` WRITE;
/*!40000 ALTER TABLE `news_tags` DISABLE KEYS */;
INSERT INTO `news_tags` VALUES (1,28),(2,29),(3,30),(4,31),(5,34),(6,37),(7,39),(8,40),(9,41),(10,42),(11,43);
/*!40000 ALTER TABLE `news_tags` ENABLE KEYS */;
UNLOCK TABLES;

--
-- Table structure for table `news_tags_link`
--

DROP TABLE IF EXISTS `news_tags_link`;
/*!40101 SET @saved_cs_client     = @@character_set_client */;
/*!40101 SET character_set_client = utf8 */;
CREATE TABLE `news_tags_link` (
  `id` int(11) NOT NULL AUTO_INCREMENT,
  `news_id` int(11) NOT NULL,
  `tag_id` int(11) NOT NULL,
  PRIMARY KEY (`id`)
) ENGINE=InnoDB DEFAULT CHARSET=utf8;
/*!40101 SET character_set_client = @saved_cs_client */;

--
-- Dumping data for table `news_tags_link`
--

LOCK TABLES `news_tags_link` WRITE;
/*!40000 ALTER TABLE `news_tags_link` DISABLE KEYS */;
/*!40000 ALTER TABLE `news_tags_link` ENABLE KEYS */;
UNLOCK TABLES;
/*!40103 SET TIME_ZONE=@OLD_TIME_ZONE */;

/*!40101 SET SQL_MODE=@OLD_SQL_MODE */;
/*!40014 SET FOREIGN_KEY_CHECKS=@OLD_FOREIGN_KEY_CHECKS */;
/*!40014 SET UNIQUE_CHECKS=@OLD_UNIQUE_CHECKS */;
/*!40101 SET CHARACTER_SET_CLIENT=@OLD_CHARACTER_SET_CLIENT */;
/*!40101 SET CHARACTER_SET_RESULTS=@OLD_CHARACTER_SET_RESULTS */;
/*!40101 SET COLLATION_CONNECTION=@OLD_COLLATION_CONNECTION */;
/*!40111 SET SQL_NOTES=@OLD_SQL_NOTES */;

-- Dump completed on 2016-08-17 22:00:31
